Workbook

Sheet LDA Corrected
A1: Linear Discriminant Analysis (LDA) – Corrected Classroom Spreadsheet
A2: Correction: within-class covariance is computed after centering each group on its own class mean. The global mean is shown for reference only and is not used in S_W.
A5: Class | B5: Curvature (X1) | C5: Diameter (X2) | D5: Class Mean X1 | E5: Class Mean X2 | F5: Centered X1 | G5: Centered X2 | H5: (Centered X1)^2 | I5: Centered X1×X2 | J5: (Centered X2)^2 | K5: Score: Class 1 | L5: Score: Class 2 | M5: Prediction | N5: Correct?
A6: 1 | B6: 2.95 | C6: 6.63 | D6: =IF(A6=1,Calculations!$B$4,Calculations!$B$5) -> 3.0525 | E6: =IF(A6=1,Calculations!$C$4,Calculations!$C$5) -> 6.385 | F6: =B6-D6 -> -0.1025 | G6: =C6-E6 -> 0.245 | H6: =F6*F6 -> 0.01050625 | I6: =F6*G6 -> -0.0251125 | J6: =G6*G6 -> 0.060025 | K6: =Calculations!$K$4*B6+Calculations!$L$4*C6+Calculations!$M$4 -> 615.99712 | L6: =Calculations!$K$5*B6+Calculations!$L$5*C6+Calculations!$M$5 -> 594.15424 | M6: =IF(K6>L6,1,2) -> 1 | N6: =IF(M6=A6,"Yes","No") -> Yes
A7: 1 | B7: 2.53 | C7: 7.79 | D7: =IF(A7=1,Calculations!$B$4,Calculations!$B$5) -> 3.0525 | E7: =IF(A7=1,Calculations!$C$4,Calculations!$C$5) -> 6.385 | F7: =B7-D7 -> -0.5225 | G7: =C7-E7 -> 1.405 | H7: =F7*F7 -> 0.27300625 | I7: =F7*G7 -> -0.7341125 | J7: =G7*G7 -> 1.974025 | K7: =Calculations!$K$4*B7+Calculations!$L$4*C7+Calculations!$M$4 -> 626.91527 | L7: =Calculations!$K$5*B7+Calculations!$L$5*C7+Calculations!$M$5 -> 602.52307 | M7: =IF(K7>L7,1,2) -> 1 | N7: =IF(M7=A7,"Yes","No") -> Yes
A8: 1 | B8: 3.57 | C8: 5.65 | D8: =IF(A8=1,Calculations!$B$4,Calculations!$B$5) -> 3.0525 | E8: =IF(A8=1,Calculations!$C$4,Calculations!$C$5) -> 6.385 | F8: =B8-D8 -> 0.5175 | G8: =C8-E8 -> -0.735 | H8: =F8*F8 -> 0.26780625 | I8: =F8*G8 -> -0.3803625 | J8: =G8*G8 -> 0.540225 | K8: =Calculations!$K$4*B8+Calculations!$L$4*C8+Calculations!$M$4 -> 664.82913 | L8: =Calculations!$K$5*B8+Calculations!$L$5*C8+Calculations!$M$5 -> 634.4534 | M8: =IF(K8>L8,1,2) -> 1 | N8: =IF(M8=A8,"Yes","No") -> Yes
A9: 1 | B9: 3.16 | C9: 5.47 | D9: =IF(A9=1,Calculations!$B$4,Calculations!$B$5) -> 3.0525 | E9: =IF(A9=1,Calculations!$C$4,Calculations!$C$5) -> 6.385 | F9: =B9-D9 -> 0.1075 | G9: =C9-E9 -> -0.915 | H9: =F9*F9 -> 0.01155625 | I9: =F9*G9 -> -0.0983625 | J9: =G9*G9 -> 0.837225 | K9: =Calculations!$K$4*B9+Calculations!$L$4*C9+Calculations!$M$4 -> 559.10227 | L9: =Calculations!$K$5*B9+Calculations!$L$5*C9+Calculations!$M$5 -> 548.27184 | M9: =IF(K9>L9,1,2) -> 1 | N9: =IF(M9=A9,"Yes","No") -> Yes
A10: 2 | B10: 2.58 | C10: 4.46 | D10: =IF(A10=1,Calculations!$B$4,Calculations!$B$5) -> 2.67 | E10: =IF(A10=1,Calculations!$C$4,Calculations!$C$5) -> 4.7333333 | F10: =B10-D10 -> -0.09 | G10: =C10-E10 -> -0.27333333 | H10: =F10*F10 -> 0.0081 | I10: =F10*G10 -> 0.0246 | J10: =G10*G10 -> 0.074711111 | K10: =Calculations!$K$4*B10+Calculations!$L$4*C10+Calculations!$M$4 -> 342.54981 | L10: =Calculations!$K$5*B10+Calculations!$L$5*C10+Calculations!$M$5 -> 372.05087 | M10: =IF(K10>L10,1,2) -> 2 | N10: =IF(M10=A10,"Yes","No") -> Yes
A11: 2 | B11: 2.16 | C11: 6.22 | D11: =IF(A11=1,Calculations!$B$4,Calculations!$B$5) -> 2.67 | E11: =IF(A11=1,Calculations!$C$4,Calculations!$C$5) -> 4.7333333 | F11: =B11-D11 -> -0.51 | G11: =C11-E11 -> 1.4866667 | H11: =F11*F11 -> 0.2601 | I11: =F11*G11 -> -0.7582 | J11: =G11*G11 -> 2.2101778 | K11: =Calculations!$K$4*B11+Calculations!$L$4*C11+Calculations!$M$4 -> 406.67738 | L11: =Calculations!$K$5*B11+Calculations!$L$5*C11+Calculations!$M$5 -> 423.55555 | M11: =IF(K11>L11,1,2) -> 2 | N11: =IF(M11=A11,"Yes","No") -> Yes
A12: 2 | B12: 3.27 | C12: 3.52 | D12: =IF(A12=1,Calculations!$B$4,Calculations!$B$5) -> 2.67 | E12: =IF(A12=1,Calculations!$C$4,Calculations!$C$5) -> 4.7333333 | F12: =B12-D12 -> 0.6 | G12: =C12-E12 -> -1.2133333 | H12: =F12*F12 -> 0.36 | I12: =F12*G12 -> -0.728 | J12: =G12*G12 -> 1.4721778 | K12: =Calculations!$K$4*B12+Calculations!$L$4*C12+Calculations!$M$4 -> 410.25468 | L12: =Calculations!$K$5*B12+Calculations!$L$5*C12+Calculations!$M$5 -> 427.73027 | M12: =IF(K12>L12,1,2) -> 2 | N12: =IF(M12=A12,"Yes","No") -> Yes
A14: New observation prediction example
A15: New chip ring | B15: 2.81 | C15: 5.46 | K15: =Calculations!$K$4*B15+Calculations!$L$4*C15+Calculations!$M$4 -> 481.58761 | L15: =Calculations!$K$5*B15+Calculations!$L$5*C15+Calculations!$M$5 -> 485.03027 | M15: =IF(K15>L15,1,2) -> 2 | N15: =IF(M15=1,"Passed","Not Passed") -> Not Passed

Sheet Calculations
A1: LDA Calculations – Class Means, Covariances, Pooled Matrix, Inverse, and Scores
A3: Class | B3: Mean X1 | C3: Mean X2 | D3: Prior | F3: Global Mean (Reference Only) | G3: X1 | H3: X2 | K3: Score coeff X1 | L3: Score coeff X2 | M3: Score intercept
A4: 1 | B4: =AVERAGE('LDA Corrected'!B6:B9) -> 3.0525 | C4: =AVERAGE('LDA Corrected'!C6:C9) -> 6.385 | D4: =COUNT('LDA Corrected'!A6:A9)/COUNT('LDA Corrected'!A6:A12) -> 0.57142857 | G4: =AVERAGE('LDA Corrected'!B6:B12) -> 2.8885714 | H4: =AVERAGE('LDA Corrected'!C6:C12) -> 5.6771429 | K4: =E19 -> 218.93667 | L4: =F19 -> 88.682371 | M4: =H19 -> -617.83018
A5: 2 | B5: =AVERAGE('LDA Corrected'!B10:B12) -> 2.67 | C5: =AVERAGE('LDA Corrected'!C10:C12) -> 4.7333333 | D5: =COUNT('LDA Corrected'!A10:A12)/COUNT('LDA Corrected'!A6:A12) -> 0.42857143 | F5: Do NOT use the global mean to compute within-class covariance. | K5: =E20 -> 178.63611 | L5: =F20 -> 71.893094 | M5: =H20 -> -409.47349
A8: Class 1 covariance C1 | B8: X1 | C8: X2 | D8: Formula convention: divide by n1 | F8: Class 2 covariance C2 | G8: X1 | H8: X2 | I8: Formula convention: divide by n2
A9: X1 | B9: =SUM('LDA Corrected'!H6:H9)/COUNT('LDA Corrected'!A6:A9) -> 0.14071875 | C9: =SUM('LDA Corrected'!I6:I9)/COUNT('LDA Corrected'!A6:A9) -> -0.3094875 | F9: X1 | G9: =SUM('LDA Corrected'!H10:H12)/COUNT('LDA Corrected'!A10:A12) -> 0.2094 | H9: =SUM('LDA Corrected'!I10:I12)/COUNT('LDA Corrected'!A10:A12) -> -0.4872
A10: X2 | B10: =C9 -> -0.3094875 | C10: =SUM('LDA Corrected'!J6:J9)/COUNT('LDA Corrected'!A6:A9) -> 0.852875 | F10: X2 | G10: =H9 -> -0.4872 | H10: =SUM('LDA Corrected'!J10:J12)/COUNT('LDA Corrected'!A10:A12) -> 1.2523556
A13: Pooled within-class covariance C (= S_W) | B13: X1 | C13: X2 | D13: (n1*C1+n2*C2)/(n1+n2) | F13: Inverse pooled covariance C^-1 | G13: X1 | H13: X2 | I13: 2×2 inverse | J13: Determinant
A14: X1 | B14: =(COUNT('LDA Corrected'!A6:A9)*B9+COUNT('LDA Corrected'!A10:A12)*G9)/COUNT('LDA Corrected'!A6:A12) -> 0.17015357 | C14: =(COUNT('LDA Corrected'!A6:A9)*C9+COUNT('LDA Corrected'!A10:A12)*H9)/COUNT('LDA Corrected'!A6:A12) -> -0.38565 | F14: X1 | G14: =C15/$J$14 -> 40.120532 | H14: =-C14/$J$14 -> 15.108652 | J14: =B14*C15-C14*B15 -> 0.025525109
A15: X2 | B15: =C14 -> -0.38565 | C15: =(COUNT('LDA Corrected'!A6:A9)*C10+COUNT('LDA Corrected'!A10:A12)*H10)/COUNT('LDA Corrected'!A6:A12) -> 1.024081 | F15: X2 | G15: =-B15/$J$14 -> 15.108652 | H15: =B14/$J$14 -> 6.6661252
A18: Class | B18: μ1 | C18: μ2 | D18: Prior | E18: a1 = (C^-1 μ)_1 | F18: a2 = (C^-1 μ)_2 | G18: μᵀC^-1μ | H18: Intercept | K18: Score coeff X1 | L18: Score coeff X2 | M18: Score intercept
A19: =A4 -> 1 | B19: =B4 -> 3.0525 | C19: =C4 -> 6.385 | D19: =D4 -> 0.57142857 | E19: =$G$14*B19+$H$14*C19 -> 218.93667 | F19: =$G$15*B19+$H$15*C19 -> 88.682371 | G19: =B19*E19+C19*F19 -> 1234.5411 | H19: =-0.5*G19+LN(D19) -> -617.83018
A20: =A5 -> 2 | B20: =B5 -> 2.67 | C20: =C5 -> 4.7333333 | D20: =D5 -> 0.42857143 | E20: =$G$14*B20+$H$14*C20 -> 178.63611 | F20: =$G$15*B20+$H$15*C20 -> 71.893094 | G20: =B20*E20+C20*F20 -> 817.25239 | H20: =-0.5*G20+LN(D20) -> -409.47349
A23: Decision boundary: Class 2 vs Class 1 | B23: Weight X1 | C23: Weight X2 | D23: Threshold | E23: Rule | F23: Interpretation
B24: =K5-K4 -> -40.300561 | C24: =L5-L4 -> -16.789276 | D24: =M5-M4 -> 208.35668 | E24: Threshold + Weight1*X1 + Weight2*X2 = 0 | F24: Score > 0 → Class 2; Score < 0 → Class 1
A27: Training Accuracy | B27: Correct | C27: Total | D27: Accuracy
B28: =COUNTIF('LDA Corrected'!N6:N12,"Yes") -> 7 | C28: =COUNT('LDA Corrected'!A6:A12) -> 7 | D28: =B28/C28 -> 1

Sheet Repair Notes
A1: What Was Repaired and Why
A3: Issue in the old spreadsheet | B3: It mean-centered each class using the overall/global mean before forming the matrices called class covariances.
A4: Correct LDA procedure | B4: For within-class covariance, center Class 1 on μ1 and Class 2 on μ2.
A5: Global mean | B5: The global mean is still useful for between-class scatter, Fisher-LDA derivations, and descriptive reference, but not for S_W.
A6: Covariance convention retained | B6: To remain consistent with the classroom tutorial, each class covariance is divided by n_i (not n_i−1).
A7: Pooled covariance | B7: C = (n1*C1 + n2*C2)/(n1+n2).
A8: Discriminant score | B8: f_i(x) = μ_i^T C^-1 x − 1/2 μ_i^T C^-1 μ_i + ln(p_i). Assign x to the class with the larger score.
A9: Prediction example | B9: For x = (2.81, 5.46), the corrected LDA still predicts Class 2 (Not Passed), but the intermediate covariance and score values are now mathematically consistent.
